{"_wandb":{"runtime":28463},"training_hours":7.685837708976534,"epoch":500,"train/mse":0.33642889350524235,"train/geo":1.2918808953515415,"geodiff/mat_p":0.2254680017759476,"train/loss":0.9823693415985025,"geodiff/cov_r@0.5A":0.9966666666666667,"final/best_mat_r":0.1596059746819604,"peak_vram_mb":347.806640625,"n_params_M":8.279435,"geodiff/cov_p@0.5A":0.939,"val/loss":1.073898201951614,"lr":5e-06,"final/mat_p":0.22644638812852175,"_runtime":28463.365046106,"final/mat_r":0.1604472498278623,"_timestamp":1.778512714521795e+09,"_step":500,"geodiff/mat_r":0.1596059746819604,"final/cov_r@0.5A":0.9966666666666667,"final/cov_p@0.5A":0.9329999999999999}